Position,Company,Location,URL
Senior Software Engineer – RoR / React / Python,OnTheGoSystems,Anywhere in the World,https://weworkremotely.com/remote-jobs/onthegosystems-senior-software-engineer-ror-react-python-1
React Native Developer,RemoteMore,Latin America Only/Europe Only,https://weworkremotely.com/remote-jobs/remotemore-react-native-developer-2
Senior React Native Developer: Long-term job - 100% remote,Proxify AB,Anywhere in the World,https://weworkremotely.com/remote-jobs/proxify-ab-senior-react-native-developer-long-term-job-100-remote
Senior Open Source Developer & DevOps (Python  Django  React  AWS/OpenStack),OpenCraft,Anywhere in the World,https://weworkremotely.com/remote-jobs/opencraft-senior-open-source-developer-devops-python-django-react-aws-openstack
ReactJS Web Developer - Remote/SaaS (m/f/d),SocialHub,Anywhere in the World,https://weworkremotely.com/remote-jobs/socialhub-reactjs-web-developer-remote-saas-m-f-d-1
Senior or Staff Frontend Engineer - React (100% Remote),Close,USA Only,https://weworkremotely.com/remote-jobs/close-senior-or-staff-frontend-engineer-react-100-remote-3
Senior React Developer,TempMee,Anywhere in the World,https://weworkremotely.com/remote-jobs/tempmee-senior-react-developer
Frontend React Engineer의 전체 세부 정보,마인드에이아이,서울 중구,https://kr.indeed.com/rc/clk?jk=10bbb52fcd98de27&fccid=6e36b32060404d12&vjs=3
프론트엔드 개발의 전체 세부 정보,NHN DATA,성남 판교역,https://kr.indeed.com/rc/clk?jk=e764b919165b8d3e&fccid=cc378bd7bc831eca&vjs=3
업비트 운영플랫폼(AML) 프론트엔드 엔지니어의 전체 세부 정보,퓨쳐위즈,서울 강남구,https://kr.indeed.com/rc/clk?jk=4a6b7472f617b4d4&fccid=37e504c06a39deb5&vjs=3
[경력] 한국일보 프론트엔드 개발자의 전체 세부 정보,한국일보사,서울 중구,https://kr.indeed.com/rc/clk?jk=6bda3d8316811d26&fccid=ae878575af264873&vjs=3
프론트엔드 신입 / 경력 개발자의 전체 세부 정보,와이즈텍,서울 용산구,https://kr.indeed.com/rc/clk?jk=ea99143338a319b7&fccid=8b01882cef0e8002&vjs=3
React 프론트엔드 개발자의 전체 세부 정보,페칭,서울 서초구,https://kr.indeed.com/rc/clk?jk=f1026b146f99b83f&fccid=b49e7030d0eebf6b&vjs=3
프론트엔드 신입 정규직의 전체 세부 정보,엠아이솔루션,대전 유성구,https://kr.indeed.com/rc/clk?jk=4286cf2792adff12&fccid=17164eb61dc096d8&vjs=3
정보시스템운영팀의 전체 세부 정보,한살림소비자생활협동조합연합회,서울 송파구,https://kr.indeed.com/rc/clk?jk=20fcfeec8e859e54&fccid=a7fd79ca8aed871f&vjs=3
Front-end 개발자 (신입/경력)의 전체 세부 정보,디파이,서울 송파구,https://kr.indeed.com/rc/clk?jk=8554b3fb7a1a1aa6&fccid=587b31a49c034c8f&vjs=3
SOFTWARE ENGINEER - FRONTEND의 전체 세부 정보,ODK Media  Inc.,서울,https://kr.indeed.com/rc/clk?jk=66b704e48bfeaa97&fccid=3b1901acc774c742&vjs=3
대기업 React 기발 운영 개발 하실 분의 전체 세부 정보,아이이에이,서울 중구,https://kr.indeed.com/rc/clk?jk=f753a937b5a3ffd7&fccid=4f8894fe45617618&vjs=3
SaaS 기반 전자도서관 이용자 홈페이지 구축 (개발) - HTML5  CSS 자바 스크립트  React의 전체 세부 정보,두드림시스템,서울 용산구,https://kr.indeed.com/rc/clk?jk=036f8f2409567258&fccid=ca02c077d5a2fbfe&vjs=3
웹/하이브리드 앱 풀스택 개발자(React  React-Native  Node.js)의 전체 세부 정보,뷰컴즈,서울 영등포구,https://kr.indeed.com/rc/clk?jk=bf491cb5adeb1f7a&fccid=c5088f3d046eb666&vjs=3
Software Engineer Intern - Korea의 전체 세부 정보,MOLOCO,서울 강남구,https://kr.indeed.com/rc/clk?jk=c2f271fbd2fa95e7&fccid=6588d205440cdcb9&vjs=3
IT사업 부문별 경력사원 (사업 확장에 따른 인재 )의 전체 세부 정보,교보정보통신,서울 종로구,https://kr.indeed.com/rc/clk?jk=91b5ee6bdae33956&fccid=62d06d841710893c&vjs=3
웹 프론트앤드 (React) 개발자의 전체 세부 정보,링글잉글리시에듀케이션서비스,서울 서초구,https://kr.indeed.com/rc/clk?jk=28f5a8de0166b1af&fccid=f8de7ed2d48b073e&vjs=3
영어 회화가 가능한 React + NodeJS 개발자의 전체 세부 정보,브로즈아시아,성남 수정구,https://kr.indeed.com/rc/clk?jk=23f028af10e63c7a&fccid=2351599dc4566c31&vjs=3
[신입/경력] 백앤드/프론트앤드 개발자의 전체 세부 정보,포에스텍,서울 성동구,https://kr.indeed.com/rc/clk?jk=0c6d2dbaa9d96000&fccid=3476005418c1964d&vjs=3
[성동구] 웹 프론트엔드(React  Redux)의 전체 세부 정보,시니어앤파트너즈,서울 성동구,https://kr.indeed.com/rc/clk?jk=55da3c7c074b9f13&fccid=59060ddcdf96b101&vjs=3
Front-end Engineer - 데일리호텔 React 개발의 전체 세부 정보,야놀자,서울 강남구,https://kr.indeed.com/rc/clk?jk=6e6563aedfcfb49a&fccid=73fe623ec23ed0a5&vjs=3
프론트엔드  웹개발 신입/경력의 전체 세부 정보,피소프트(P Soft),서울 강남구,https://kr.indeed.com/rc/clk?jk=46381fce0ecf523c&fccid=24957b80d5bd4677&vjs=3
업비트 백오피스 프론트엔드 엔지니어의 전체 세부 정보,퓨쳐위즈,서울 강남구,https://kr.indeed.com/rc/clk?jk=bc50b42a096ba794&fccid=37e504c06a39deb5&vjs=3
[마켓오브메테리얼] Web Front-end Engineer의 전체 세부 정보,마켓오브메테리얼,성남 수정구,https://kr.indeed.com/rc/clk?jk=eb49c2463803cf10&fccid=606aec63eb72f6c0&vjs=3
[집중] Front end 개발자의 전체 세부 정보,카카오페이,성남 분당구,https://kr.indeed.com/rc/clk?jk=5d1ff63ba3655726&fccid=c3aa6121be03065c&vjs=3
플랫폼 프론트엔드 개발자 (React)를 모십니다.의 전체 세부 정보,(주)휴톰 관심기업,서울 대흥동,https://kr.indeed.com/rc/clk?jk=68fa2e8f6b62e92a&fccid=667cf6cbd3cba549&vjs=3
[경력] 프론트엔드 / 앱 / 플랫폼 개발자의 전체 세부 정보,프리시젼바이오㈜,서울,https://kr.indeed.com/rc/clk?jk=dd8693bfc70310da&fccid=9cb2e00a46fd0c2e&vjs=3
상시지원 (Software Engineer)의 전체 세부 정보,Riiid Labs,서울,https://kr.indeed.com/rc/clk?jk=d6d827bd48a88195&fccid=933989f3b0ffe928&vjs=3
.NET  C#  React  프론트엔드  백엔드 신입/경력 정규직의 전체 세부 정보,디포커스,서울 성동구,https://kr.indeed.com/rc/clk?jk=d32c39cd2f3c0f33&fccid=94cb52fcbb33911f&vjs=3
프론트엔드/백엔드 개발 직원 의 건의 전체 세부 정보,비즈코웍,서울 서초구,https://kr.indeed.com/rc/clk?jk=2f64f69afe83a16e&fccid=3b5af77baa8b0a70&vjs=3
금융 투자 서비스 개발자의 전체 세부 정보,한국카카오은행,성남 분당구,https://kr.indeed.com/rc/clk?jk=3aa250b57c0947d3&fccid=aea6a13a3459fdb2&vjs=3
지식콘텐츠 전문기업(매출 135억) 개발운영팀장의 전체 세부 정보,인파트너스,서울 마포구,https://kr.indeed.com/rc/clk?jk=286c66ccb2bf4c7c&fccid=e65c7a7fd4f89d1c&vjs=3
[주4일제 근무]경력 html5 게임(자바스크립트) 개발자의 전체 세부 정보,기반,안양 동안구,https://kr.indeed.com/rc/clk?jk=19366328abef696a&fccid=6f3bcbed28696953&vjs=3
(경력/신입) 정규직 C#및 VB개발자의 전체 세부 정보,아이에스오에스컨설팅,서울 금천구,https://kr.indeed.com/rc/clk?jk=a0ca607f985402c9&fccid=52c348f9323c4326&vjs=3
[이천/기흥/구미/아산] 웹 프론트엔드 (Vue.js  React)의 전체 세부 정보,시니어앤파트너즈,경기도 이천,https://kr.indeed.com/rc/clk?jk=d8754261356b988a&fccid=59060ddcdf96b101&vjs=3
Node.js 백엔드 개발자의 전체 세부 정보,페칭,서울 서초구,https://kr.indeed.com/rc/clk?jk=8db1c21dd9b7c533&fccid=b49e7030d0eebf6b&vjs=3
웹/모바일/PC 개발자의 전체 세부 정보,이액션,서울 영등포구,https://kr.indeed.com/rc/clk?jk=6fcb1f57e468409f&fccid=fff84e3f7c7148b9&vjs=3
Frontend 개발자의 전체 세부 정보,플리토,서울 강남구,https://kr.indeed.com/rc/clk?jk=cb85566aedd4d1cf&fccid=01aed038bcce2a5f&vjs=3
(주) 패스트림 React 웹 개발자의 전체 세부 정보,패스트림,서울 서초구,https://kr.indeed.com/rc/clk?jk=ccce757f9470d07d&fccid=e9d4861e38b26c44&vjs=3
[KREAM] 파트너센터 Frontend 개발자의 전체 세부 정보,크림,성남 분당구,https://kr.indeed.com/rc/clk?jk=4ae56fa149b90b3a&fccid=146c028635667214&vjs=3
웹 기반 BI 제품 개발의 전체 세부 정보,에스티로직,서울 송파구,https://kr.indeed.com/rc/clk?jk=a10b43474a234098&fccid=61b61cbea1c8f0ab&vjs=3
[정규직 경력] 웹 응용프로그램 개발자의 전체 세부 정보,티파이브온라인,서울 금천구,https://kr.indeed.com/rc/clk?jk=0b708a12d5977cce&fccid=81a556cf6af7bb19&vjs=3
Determined AI - Developer Support Engineer의 전체 세부 정보,Hewlett Packard Enterprise,서울,https://kr.indeed.com/rc/clk?jk=0c485b37ca64fe88&fccid=216eb700022de6f6&vjs=3
[NHN Bugs] 티켓링크 서비스 담당 FE개발 경력의 전체 세부 정보,엔에이치엔벅스,성남 분당구,https://kr.indeed.com/rc/clk?jk=430ff2e861cdcbbb&fccid=c735718f69fb3d0c&vjs=3
산학겸임교사 NCS기반자격(SW개발 L3)의 전체 세부 정보,서울디지텍고등학교,서울 용산구,https://kr.indeed.com/rc/clk?jk=e87ade04e741a57f&fccid=9ea8eded6217950b&vjs=3
품질시스템 React 개발/운영 부문 경력의 전체 세부 정보,현대오토에버,서울 강남구,https://kr.indeed.com/rc/clk?jk=ccfa1adf213dc0cf&fccid=d5a22a3e93377742&vjs=3
[퍼블리싱라이브본부] 퍼블리싱웹팀 웹 프론트엔드 개발자 (계약직)의 전체 세부 정보,Nexon,경기도 성남,https://kr.indeed.com/rc/clk?jk=5bf853fed78dbcef&fccid=aba87288e4cc3687&vjs=3
리액트 개발자의 전체 세부 정보,모비온즈미디어,서울 강남구,https://kr.indeed.com/rc/clk?jk=e2bf1e47462d2bb0&fccid=ecaa0cca2e60c4c4&vjs=3
[피파퍼블리싱그룹] 웹 프론트엔드 개발자의 전체 세부 정보,Nexon,경기도 성남,https://kr.indeed.com/rc/clk?jk=9860426b7794a1cd&fccid=aba87288e4cc3687&vjs=3
[ICT] Frontend Developer[매니저(G2)  책임매니저(G3)]의 전체 세부 정보,현대자동차그룹,서울 양재역,https://kr.indeed.com/rc/clk?jk=ad22068e94a52e63&fccid=980d6ecc399a3373&vjs=3
빅데이터 솔루션 개발자(경력)의 전체 세부 정보,타파크로스,서울 성동구,https://kr.indeed.com/rc/clk?jk=a3b03da3d3a1ff72&fccid=0139beabe666df14&vjs=3
Web Front-end Engineer (경력)의 전체 세부 정보,씨앤에이아이,서울 서초구,https://kr.indeed.com/rc/clk?jk=a1ca404293aa3d50&fccid=a3f6cd024b61c302&vjs=3
(10시30분-6시퇴근) 디자인/퍼블리싱 가능한 웹퍼블리셔(경력자)의 전체 세부 정보,아이오이소프트,성남 수정구,https://kr.indeed.com/rc/clk?jk=ed5435b88769a75c&fccid=a87f3784a53fa612&vjs=3
풀스택 개발자 (경력 3년 이상)의 전체 세부 정보,자버,서울 마포구,https://kr.indeed.com/rc/clk?jk=a87b65ff7473a10e&fccid=24bf9d1ffd205871&vjs=3
React (Front-end)의 전체 세부 정보,버즈앤비,성남 분당구,https://kr.indeed.com/rc/clk?jk=adb9e9947428c2a9&fccid=6cdff6ff6a1182e6&vjs=3
Software Engineer  Ecosystem - Korea의 전체 세부 정보,Aptos,서울,https://kr.indeed.com/rc/clk?jk=bae43ddafecac6d4&fccid=4edf6f7283dd42ad&vjs=3
(다댐 앱) 웹/앱 경력 개발자의 전체 세부 정보,링크캠퍼스,광주 동구,https://kr.indeed.com/rc/clk?jk=bcd4ffa417c8cb12&fccid=89d494f1287eb583&vjs=3
국내 대기업 - Web frontend 개발 경력자의 전체 세부 정보,라피플코리아리미티드,서울,https://kr.indeed.com/rc/clk?jk=1f08ce671e4cb41e&fccid=28f5722fca6f5b12&vjs=3
마이데이터 핀테크 스타트업 앱개발(IOS)의 전체 세부 정보,경연파트너스,서울,https://kr.indeed.com/rc/clk?jk=d3297b1b93553ff0&fccid=0f76eb1d9acd6c10&vjs=3
파이썬(python) 백엔드 개발자 (전문연구요원 가능)의 전체 세부 정보,아토머스,서울 강남구,https://kr.indeed.com/rc/clk?jk=240326a26bd13bf2&fccid=660bbb21789ab63d&vjs=3
css  웹퍼블리셔(HTML코딩) 외 경력 정규직의 전체 세부 정보,에이피서비스,서울 강남구,https://kr.indeed.com/rc/clk?jk=2dbe4c7e2066d839&fccid=561d63cf81871305&vjs=3
개발자(프론트엔드/백엔드) 정규직 신입/경력자를 모십니다.의 전체 세부 정보,아토즈소프트 관심기업,서울 성수동2가,https://kr.indeed.com/rc/clk?jk=c6846f4abf3d57cb&fccid=3401aed56a2304e2&vjs=3
2023년 상반기 백엔드 개발자의 전체 세부 정보,반달소프트,성남 분당구,https://kr.indeed.com/rc/clk?jk=1601f1bfe3302af5&fccid=f35f7fc5e918087a&vjs=3
웹서비스 개발 및 유지보수 담당의 전체 세부 정보,에이치티에이,서울 강남구,https://kr.indeed.com/rc/clk?jk=62d915456740349f&fccid=f050cf6081c343e9&vjs=3
프론트엔드(Front-end) 개발자님 정중히 (react-native)의 전체 세부 정보,위솝,서울 마포구,https://kr.indeed.com/rc/clk?jk=b226536a79e18737&fccid=17a370bb75419be0&vjs=3
[해외취업] 시스템 엔지니어 프로그래머 시스템 엔지니어의 전체 세부 정보,JSL 인재개발원,대전 용두동,https://kr.indeed.com/rc/clk?jk=e80b0c6f519ec09d&fccid=995db5075687ea93&vjs=3
[경력] LFmall 상품 Front-End 개발의 전체 세부 정보,LF(구 LG패션),서울 강남구,https://kr.indeed.com/rc/clk?jk=8d415fda9be19093&fccid=277420ebbc0e609a&vjs=3
웹/앱 서비스 개발자 (신입  경력)의 전체 세부 정보,디로그,서울 금천구,https://kr.indeed.com/rc/clk?jk=747fa3b041cac057&fccid=023ccbfac772e228&vjs=3
풀스택 웹 개발자 경력 정규직의 전체 세부 정보,노태그코리아,서울 중구,https://kr.indeed.com/rc/clk?jk=601dc14ba8490125&fccid=ca96d67d509ca7a2&vjs=3
(프론트엔드) 자사제품 개발 및 유지보수 경력자의 전체 세부 정보,오픈이지,서울 성동구,https://kr.indeed.com/rc/clk?jk=3e6f297c9e968381&fccid=00b59714a2a55d8b&vjs=3
S/W 엔지니어 신입/경력의 전체 세부 정보,시너지에이아이,서울 강서구,https://kr.indeed.com/rc/clk?jk=682491f6d92f41c1&fccid=3a055c6cfe0fec14&vjs=3
Digital Communications Officer의 전체 세부 정보,국경없는의사회 한국,서울 강남구,https://kr.indeed.com/rc/clk?jk=a8730c6edbaaa002&fccid=ef6a7567d77a96bc&vjs=3
[해외취업] 뉴욕에 위치한 버블티 브랜드 미국현지법인 -IT !의 전체 세부 정보,아이씨엔그룹,서울 역삼동,https://kr.indeed.com/rc/clk?jk=7485d447337466c9&fccid=1747ef880c1e67fb&vjs=3
웹개발  프론트엔드 외 신입/경력 정규직의 전체 세부 정보,아트맵,대구 북구,https://kr.indeed.com/rc/clk?jk=c7bfe01c5679b8c8&fccid=d66b60a88c4cdb83&vjs=3
Network Operations Engineer의 전체 세부 정보,Harman International,서울,https://kr.indeed.com/rc/clk?jk=9ad578b2614d8501&fccid=4faf342d2307e9ed&vjs=3
2023년 상반기 프론트엔드 개발자의 전체 세부 정보,반달소프트,성남 분당구,https://kr.indeed.com/rc/clk?jk=9d159f96dc2b5683&fccid=f35f7fc5e918087a&vjs=3
